parnme,partrans,parchglim,parval1,parlbnd,parubnd,pargp,scale,offset,dercom
im10,none,relative,18000.0,0.0,1000000.0,external,-1.0,0.0,1
im11,none,relative,18500.0,0.0,1000000.0,external,-1.0,0.0,1
im12,none,relative,27000.0,0.0,1000000.0,external,-1.0,0.0,1
im9,none,relative,10000.0,0.0,1000000.0,external,-1.0,0.0,1
q1,none,relative,4700.0,0.0,50000.0,pumping,-1.0,0.0,1
q2a,none,relative,43500.0,0.0,50000.0,pumping,-1.0,0.0,1
q2b,none,relative,22400.0,0.0,50000.0,pumping,-1.0,0.0,1
q2c,none,relative,25600.0,0.0,50000.0,pumping,-1.0,0.0,1
q2d,none,relative,10300.0,0.0,50000.0,pumping,-1.0,0.0,1
q4a,none,relative,10300.0,0.0,50000.0,pumping,-1.0,0.0,1
q4b,none,relative,18000.0,0.0,50000.0,pumping,-1.0,0.0,1
seg1,fixed,factor,5.0,4.5,6.0,sfr_seg,1.0,0.0,1
seg2,fixed,factor,5.0,4.5,5.5,sfr_seg,1.0,0.0,1
seg3,fixed,factor,5.0,4.5,5.5,sfr_seg,1.0,0.0,1
t00_00,log,factor,5000.0,4000.0,5500.0,trans,0.01,0.0,1
t00_01,log,factor,5000.0,4000.0,6000.0,trans,0.01,0.0,1
t00_02,log,factor,5000.0,4000.0,6000.0,trans,0.01,0.0,1
t00_03,log,factor,5000.0,4000.0,6000.0,trans,0.01,0.0,1
t00_04,log,factor,5000.0,4000.0,6000.0,trans,0.01,0.0,1
t00_05,log,factor,5000.0,4000.0,6000.0,trans,0.01,0.0,1
t00_06,log,factor,5000.0,4000.0,6000.0,trans,0.01,0.0,1
t00_07,log,factor,5000.0,4000.0,6000.0,trans,0.01,0.0,1
t00_08,log,factor,5000.0,4000.0,6000.0,trans,0.01,0.0,1
t00_09,log,factor,5000.0,4000.0,6000.0,trans,0.01,0.0,1
t00_10,log,factor,5000.0,4000.0,6000.0,trans,0.01,0.0,1
t00_11,log,factor,5000.0,4000.0,6000.0,trans,0.01,0.0,1
t00_12,log,factor,5000.0,4000.0,6000.0,trans,0.01,0.0,1
t00_13,log,factor,5000.0,4000.0,6000.0,trans,0.01,0.0,1
t00_14,log,factor,5000.0,4000.0,6000.0,trans,0.01,0.0,1
t00_15,log,factor,5000.0,4000.0,6000.0,trans,0.01,0.0,1
t00_16,log,factor,5000.0,4000.0,6000.0,trans,0.01,0.0,1
t00_17,log,factor,5000.0,4000.0,6000.0,trans,0.01,0.0,1
t00_18,log,factor,5000.0,4000.0,6000.0,trans,0.01,0.0,1
t00_19,log,factor,5000.0,4000.0,6000.0,trans,0.01,0.0,1
t00_20,log,factor,5000.0,4000.0,6000.0,trans,0.01,0.0,1
t00_21,log,factor,5000.0,4000.0,6000.0,trans,0.01,0.0,1
t00_22,log,factor,5000.0,4000.0,6000.0,trans,0.01,0.0,1
t00_23,log,factor,5000.0,4000.0,6000.0,trans,0.01,0.0,1
t00_24,log,factor,5000.0,4000.0,6000.0,trans,0.01,0.0,1
t00_25,log,factor,5000.0,4000.0,6000.0,trans,0.01,0.0,1
t00_26,log,factor,5000.0,4000.0,6000.0,trans,0.01,0.0,1
t00_27,log,factor,5000.0,4000.0,6000.0,trans,0.01,0.0,1
t00_28,log,factor,5000.0,4000.0,6000.0,trans,0.01,0.0,1
t00_29,log,factor,5000.0,4000.0,6000.0,trans,0.01,0.0,1
t01_00,log,factor,5000.0,4000.0,6000.0,trans,0.01,0.0,1
t01_01,log,factor,5000.0,4000.0,6000.0,trans,0.01,0.0,1
t01_02,log,factor,5000.0,4000.0,6000.0,trans,0.01,0.0,1
t01_03,log,factor,5000.0,4000.0,6000.0,trans,0.01,0.0,1
t01_04,log,factor,5000.0,4000.0,6000.0,trans,0.01,0.0,1
t01_05,log,factor,5000.0,4000.0,6000.0,trans,0.01,0.0,1
t01_06,log,factor,5000.0,4000.0,6000.0,trans,0.01,0.0,1
t01_07,log,factor,5000.0,4000.0,6000.0,trans,0.01,0.0,1
t01_08,log,factor,5000.0,4000.0,6000.0,trans,0.01,0.0,1
t01_09,log,factor,5000.0,4000.0,6000.0,trans,0.01,0.0,1
t01_10,log,factor,5000.0,4000.0,6000.0,trans,0.01,0.0,1
t01_11,log,factor,5000.0,4000.0,6000.0,trans,0.01,0.0,1
t01_12,log,factor,5000.0,4000.0,6000.0,trans,0.01,0.0,1
t01_13,log,factor,5000.0,4000.0,6000.0,trans,0.01,0.0,1
t01_14,log,factor,5000.0,4000.0,6000.0,trans,0.01,0.0,1
t01_15,log,factor,5000.0,4000.0,6000.0,trans,0.01,0.0,1
t01_16,log,factor,5000.0,4000.0,6000.0,trans,0.01,0.0,1
t01_17,log,factor,5000.0,4000.0,6000.0,trans,0.01,0.0,1
t01_18,log,factor,5000.0,4000.0,6000.0,trans,0.01,0.0,1
t01_19,log,factor,5000.0,4000.0,6000.0,trans,0.01,0.0,1
t01_20,log,factor,5000.0,4000.0,6000.0,trans,0.01,0.0,1
t01_21,log,factor,5000.0,4000.0,6000.0,trans,0.01,0.0,1
t01_22,log,factor,5000.0,4000.0,6000.0,trans,0.01,0.0,1
t01_23,log,factor,5000.0,4000.0,6000.0,trans,0.01,0.0,1
t01_24,log,factor,5000.0,4000.0,6000.0,trans,0.01,0.0,1
t01_25,log,factor,5000.0,4000.0,6000.0,trans,0.01,0.0,1
t01_26,log,factor,5000.0,4000.0,6000.0,trans,0.01,0.0,1
t01_27,log,factor,5000.0,4000.0,6000.0,trans,0.01,0.0,1
t01_28,log,factor,5000.0,4000.0,6000.0,trans,0.01,0.0,1
t01_29,log,factor,5000.0,4000.0,6000.0,trans,0.01,0.0,1
t02_00,log,factor,5000.0,4000.0,6000.0,trans,0.01,0.0,1
t02_01,log,factor,5000.0,4000.0,6000.0,trans,0.01,0.0,1
t02_02,log,factor,5000.0,4000.0,6000.0,trans,0.01,0.0,1
t02_03,log,factor,5000.0,4000.0,6000.0,trans,0.01,0.0,1
t02_04,log,factor,5000.0,4000.0,6000.0,trans,0.01,0.0,1
t02_05,log,factor,5000.0,4000.0,6000.0,trans,0.01,0.0,1
t02_06,log,factor,5000.0,4000.0,6000.0,trans,0.01,0.0,1
t02_07,log,factor,5000.0,4000.0,6000.0,trans,0.01,0.0,1
t02_08,log,factor,5000.0,4000.0,6000.0,trans,0.01,0.0,1
t02_09,log,factor,5000.0,4000.0,6000.0,trans,0.01,0.0,1
t02_10,log,factor,5000.0,4000.0,6000.0,trans,0.01,0.0,1
t02_11,log,factor,5000.0,4000.0,6000.0,trans,0.01,0.0,1
t02_12,log,factor,5000.0,4000.0,6000.0,trans,0.01,0.0,1
t02_13,log,factor,5000.0,4000.0,6000.0,trans,0.01,0.0,1
t02_14,log,factor,5000.0,4000.0,6000.0,trans,0.01,0.0,1
t02_15,log,factor,5000.0,4000.0,6000.0,trans,0.01,0.0,1
t02_16,log,factor,5000.0,4000.0,6000.0,trans,0.01,0.0,1
t02_17,log,factor,5000.0,4000.0,6000.0,trans,0.01,0.0,1
t02_18,log,factor,5000.0,4000.0,6000.0,trans,0.01,0.0,1
t02_19,log,factor,5000.0,4000.0,6000.0,trans,0.01,0.0,1
t02_20,log,factor,5000.0,4000.0,6000.0,trans,0.01,0.0,1
t02_21,log,factor,5000.0,4000.0,6000.0,trans,0.01,0.0,1
t02_22,log,factor,5000.0,4000.0,6000.0,trans,0.01,0.0,1
t02_23,log,factor,5000.0,4000.0,6000.0,trans,0.01,0.0,1
t02_24,log,factor,5000.0,4000.0,6000.0,trans,0.01,0.0,1
t02_25,log,factor,5000.0,4000.0,6000.0,trans,0.01,0.0,1
t02_26,log,factor,5000.0,4000.0,6000.0,trans,0.01,0.0,1
t02_27,log,factor,5000.0,4000.0,6000.0,trans,0.01,0.0,1
t02_28,log,factor,5000.0,4000.0,6000.0,trans,0.01,0.0,1
t02_29,log,factor,5000.0,4000.0,6000.0,trans,0.01,0.0,1
t03_00,log,factor,5000.0,4000.0,6000.0,trans,0.01,0.0,1
t03_01,log,factor,5000.0,4000.0,6000.0,trans,0.01,0.0,1
t03_02,log,factor,5000.0,4000.0,6000.0,trans,0.01,0.0,1
t03_03,log,factor,5000.0,4000.0,6000.0,trans,0.01,0.0,1
t03_04,log,factor,5000.0,4000.0,6000.0,trans,0.01,0.0,1
t03_05,log,factor,5000.0,4000.0,6000.0,trans,0.01,0.0,1
t03_06,log,factor,5000.0,4000.0,6000.0,trans,0.01,0.0,1
t03_07,log,factor,5000.0,4000.0,6000.0,trans,0.01,0.0,1
t03_08,log,factor,5000.0,4000.0,6000.0,trans,0.01,0.0,1
t03_09,log,factor,5000.0,4000.0,6000.0,trans,0.01,0.0,1
t03_10,log,factor,5000.0,4000.0,6000.0,trans,0.01,0.0,1
t03_11,log,factor,5000.0,4000.0,6000.0,trans,0.01,0.0,1
t03_12,log,factor,5000.0,4000.0,6000.0,trans,0.01,0.0,1
t03_13,log,factor,5000.0,4000.0,6000.0,trans,0.01,0.0,1
t03_14,log,factor,5000.0,4000.0,6000.0,trans,0.01,0.0,1
t03_15,log,factor,5000.0,4000.0,6000.0,trans,0.01,0.0,1
t03_16,log,factor,5000.0,4000.0,6000.0,trans,0.01,0.0,1
t03_17,log,factor,5000.0,4000.0,6000.0,trans,0.01,0.0,1
t03_18,log,factor,5000.0,4000.0,6000.0,trans,0.01,0.0,1
t03_19,log,factor,5000.0,4000.0,6000.0,trans,0.01,0.0,1
t03_20,log,factor,5000.0,4000.0,6000.0,trans,0.01,0.0,1
t03_21,log,factor,5000.0,4000.0,6000.0,trans,0.01,0.0,1
t03_22,log,factor,5000.0,4000.0,6000.0,trans,0.01,0.0,1
t03_23,log,factor,5000.0,4000.0,6000.0,trans,0.01,0.0,1
t03_24,log,factor,5000.0,4000.0,6000.0,trans,0.01,0.0,1
t03_25,log,factor,5000.0,4000.0,6000.0,trans,0.01,0.0,1
t03_26,log,factor,5000.0,4000.0,6000.0,trans,0.01,0.0,1
t03_27,log,factor,5000.0,4000.0,6000.0,trans,0.01,0.0,1
t03_28,log,factor,5000.0,4000.0,6000.0,trans,0.01,0.0,1
t03_29,log,factor,5000.0,4000.0,6000.0,trans,0.01,0.0,1
t04_00,log,factor,5000.0,4000.0,6000.0,trans,0.01,0.0,1
t04_01,log,factor,5000.0,4000.0,6000.0,trans,0.01,0.0,1
t04_02,log,factor,5000.0,4000.0,6000.0,trans,0.01,0.0,1
t04_03,log,factor,5000.0,4000.0,6000.0,trans,0.01,0.0,1
t04_04,log,factor,5000.0,4000.0,6000.0,trans,0.01,0.0,1
t04_05,log,factor,5000.0,4000.0,6000.0,trans,0.01,0.0,1
t04_06,log,factor,5000.0,4000.0,6000.0,trans,0.01,0.0,1
t04_07,log,factor,5000.0,4000.0,6000.0,trans,0.01,0.0,1
t04_08,log,factor,5000.0,4000.0,6000.0,trans,0.01,0.0,1
t04_09,log,factor,5000.0,4000.0,6000.0,trans,0.01,0.0,1
t04_10,log,factor,5000.0,4000.0,6000.0,trans,0.01,0.0,1
t04_11,log,factor,5000.0,4000.0,6000.0,trans,0.01,0.0,1
t04_12,log,factor,5000.0,4000.0,6000.0,trans,0.01,0.0,1
t04_13,log,factor,5000.0,4000.0,6000.0,trans,0.01,0.0,1
t04_14,log,factor,5000.0,4000.0,6000.0,trans,0.01,0.0,1
t04_15,log,factor,5000.0,4000.0,6000.0,trans,0.01,0.0,1
t04_16,log,factor,5000.0,4000.0,6000.0,trans,0.01,0.0,1
t04_17,log,factor,5000.0,4000.0,6000.0,trans,0.01,0.0,1
t04_18,log,factor,5000.0,4000.0,6000.0,trans,0.01,0.0,1
t04_19,log,factor,5000.0,4000.0,6000.0,trans,0.01,0.0,1
t04_20,log,factor,5000.0,4000.0,6000.0,trans,0.01,0.0,1
t04_21,log,factor,5000.0,4000.0,6000.0,trans,0.01,0.0,1
t04_22,log,factor,5000.0,4000.0,6000.0,trans,0.01,0.0,1
t04_23,log,factor,5000.0,4000.0,6000.0,trans,0.01,0.0,1
t04_24,log,factor,5000.0,4000.0,6000.0,trans,0.01,0.0,1
t04_25,log,factor,5000.0,4000.0,6000.0,trans,0.01,0.0,1
t04_26,log,factor,5000.0,4000.0,6000.0,trans,0.01,0.0,1
t04_27,log,factor,5000.0,4000.0,6000.0,trans,0.01,0.0,1
t04_28,log,factor,5000.0,4000.0,6000.0,trans,0.01,0.0,1
t04_29,log,factor,5000.0,4000.0,6000.0,trans,0.01,0.0,1
t05_00,log,factor,5000.0,4000.0,6000.0,trans,0.01,0.0,1
t05_01,log,factor,5000.0,4000.0,6000.0,trans,0.01,0.0,1
t05_02,log,factor,5000.0,4000.0,6000.0,trans,0.01,0.0,1
t05_03,log,factor,5000.0,4000.0,6000.0,trans,0.01,0.0,1
t05_04,log,factor,5000.0,4000.0,6000.0,trans,0.01,0.0,1
t05_05,log,factor,5000.0,4000.0,6000.0,trans,0.01,0.0,1
t05_06,log,factor,5000.0,4000.0,6000.0,trans,0.01,0.0,1
t05_07,log,factor,5000.0,4000.0,6000.0,trans,0.01,0.0,1
t05_08,log,factor,5000.0,4000.0,6000.0,trans,0.01,0.0,1
t05_09,log,factor,5000.0,4000.0,6000.0,trans,0.01,0.0,1
t05_10,log,factor,5000.0,4000.0,6000.0,trans,0.01,0.0,1
t05_11,log,factor,5000.0,4000.0,6000.0,trans,0.01,0.0,1
t05_12,log,factor,5000.0,4000.0,6000.0,trans,0.01,0.0,1
t05_13,log,factor,5000.0,4000.0,6000.0,trans,0.01,0.0,1
t05_14,log,factor,5000.0,4000.0,6000.0,trans,0.01,0.0,1
t05_15,log,factor,5000.0,4000.0,6000.0,trans,0.01,0.0,1
t05_16,log,factor,5000.0,4000.0,6000.0,trans,0.01,0.0,1
t05_17,log,factor,5000.0,4000.0,6000.0,trans,0.01,0.0,1
t05_18,log,factor,5000.0,4000.0,6000.0,trans,0.01,0.0,1
t05_19,log,factor,5000.0,4000.0,6000.0,trans,0.01,0.0,1
t05_20,log,factor,5000.0,4000.0,6000.0,trans,0.01,0.0,1
t05_21,log,factor,5000.0,4000.0,6000.0,trans,0.01,0.0,1
t05_22,log,factor,5000.0,4000.0,6000.0,trans,0.01,0.0,1
t05_23,log,factor,5000.0,4000.0,6000.0,trans,0.01,0.0,1
t05_24,log,factor,5000.0,4000.0,6000.0,trans,0.01,0.0,1
t05_25,log,factor,5000.0,4000.0,6000.0,trans,0.01,0.0,1
t05_26,log,factor,5000.0,4000.0,6000.0,trans,0.01,0.0,1
t05_27,log,factor,5000.0,4000.0,6000.0,trans,0.01,0.0,1
t05_28,log,factor,5000.0,4000.0,6000.0,trans,0.01,0.0,1
t05_29,log,factor,5000.0,4000.0,6000.0,trans,0.01,0.0,1
t06_00,log,factor,5000.0,4000.0,6000.0,trans,0.01,0.0,1
t06_01,log,factor,5000.0,4000.0,6000.0,trans,0.01,0.0,1
t06_02,log,factor,5000.0,4000.0,6000.0,trans,0.01,0.0,1
t06_03,log,factor,5000.0,4000.0,6000.0,trans,0.01,0.0,1
t06_04,log,factor,5000.0,4000.0,6000.0,trans,0.01,0.0,1
t06_05,log,factor,5000.0,4000.0,6000.0,trans,0.01,0.0,1
t06_06,log,factor,5000.0,4000.0,6000.0,trans,0.01,0.0,1
t06_07,log,factor,5000.0,4000.0,6000.0,trans,0.01,0.0,1
t06_08,log,factor,5000.0,4000.0,6000.0,trans,0.01,0.0,1
t06_09,log,factor,5000.0,4000.0,6000.0,trans,0.01,0.0,1
t06_10,log,factor,5000.0,4000.0,6000.0,trans,0.01,0.0,1
t06_11,log,factor,5000.0,4000.0,6000.0,trans,0.01,0.0,1
t06_12,log,factor,5000.0,4000.0,6000.0,trans,0.01,0.0,1
t06_13,log,factor,5000.0,4000.0,6000.0,trans,0.01,0.0,1
t06_14,log,factor,5000.0,4000.0,6000.0,trans,0.01,0.0,1
t06_15,log,factor,5000.0,4000.0,6000.0,trans,0.01,0.0,1
t06_16,log,factor,5000.0,4000.0,6000.0,trans,0.01,0.0,1
t06_17,log,factor,5000.0,4000.0,6000.0,trans,0.01,0.0,1
t06_18,log,factor,5000.0,4000.0,6000.0,trans,0.01,0.0,1
t06_19,log,factor,5000.0,4000.0,6000.0,trans,0.01,0.0,1
t06_20,log,factor,5000.0,4000.0,6000.0,trans,0.01,0.0,1
t06_21,log,factor,5000.0,4000.0,6000.0,trans,0.01,0.0,1
t06_22,log,factor,5000.0,4000.0,6000.0,trans,0.01,0.0,1
t06_23,log,factor,5000.0,4000.0,6000.0,trans,0.01,0.0,1
t06_24,log,factor,5000.0,4000.0,6000.0,trans,0.01,0.0,1
t06_25,log,factor,5000.0,4000.0,6000.0,trans,0.01,0.0,1
t06_26,log,factor,5000.0,4000.0,6000.0,trans,0.01,0.0,1
t06_27,log,factor,5000.0,4000.0,6000.0,trans,0.01,0.0,1
t06_28,log,factor,5000.0,4000.0,6000.0,trans,0.01,0.0,1
t06_29,log,factor,5000.0,4000.0,6000.0,trans,0.01,0.0,1
t07_00,log,factor,5000.0,4000.0,6000.0,trans,0.01,0.0,1
t07_01,log,factor,5000.0,4000.0,6000.0,trans,0.01,0.0,1
t07_02,log,factor,5000.0,4000.0,6000.0,trans,0.01,0.0,1
t07_03,log,factor,5000.0,4000.0,6000.0,trans,0.01,0.0,1
t07_04,log,factor,5000.0,4000.0,6000.0,trans,0.01,0.0,1
t07_05,log,factor,5000.0,4000.0,6000.0,trans,0.01,0.0,1
t07_06,log,factor,5000.0,4000.0,6000.0,trans,0.01,0.0,1
t07_07,log,factor,5000.0,4000.0,6000.0,trans,0.01,0.0,1
t07_08,log,factor,5000.0,4000.0,6000.0,trans,0.01,0.0,1
t07_09,log,factor,5000.0,4000.0,6000.0,trans,0.01,0.0,1
t07_10,log,factor,5000.0,4000.0,6000.0,trans,0.01,0.0,1
t07_11,log,factor,5000.0,4000.0,6000.0,trans,0.01,0.0,1
t07_12,log,factor,5000.0,4000.0,6000.0,trans,0.01,0.0,1
t07_13,log,factor,5000.0,4000.0,6000.0,trans,0.01,0.0,1
t07_14,log,factor,5000.0,4000.0,6000.0,trans,0.01,0.0,1
t07_15,log,factor,5000.0,4000.0,6000.0,trans,0.01,0.0,1
t07_16,log,factor,5000.0,4000.0,6000.0,trans,0.01,0.0,1
t07_17,log,factor,5000.0,4000.0,6000.0,trans,0.01,0.0,1
t07_18,log,factor,5000.0,4000.0,6000.0,trans,0.01,0.0,1
t07_19,log,factor,5000.0,4000.0,6000.0,trans,0.01,0.0,1
t07_20,log,factor,5000.0,4000.0,6000.0,trans,0.01,0.0,1
t07_21,log,factor,5000.0,4000.0,6000.0,trans,0.01,0.0,1
t07_22,log,factor,5000.0,4000.0,6000.0,trans,0.01,0.0,1
t07_23,log,factor,5000.0,4000.0,6000.0,trans,0.01,0.0,1
t07_24,log,factor,5000.0,4000.0,6000.0,trans,0.01,0.0,1
t07_25,log,factor,5000.0,4000.0,6000.0,trans,0.01,0.0,1
t07_26,log,factor,5000.0,4000.0,6000.0,trans,0.01,0.0,1
t07_27,log,factor,5000.0,4000.0,6000.0,trans,0.01,0.0,1
t07_28,log,factor,5000.0,4000.0,6000.0,trans,0.01,0.0,1
t07_29,log,factor,5000.0,4000.0,6000.0,trans,0.01,0.0,1
t08_00,log,factor,5000.0,4000.0,6000.0,trans,0.01,0.0,1
t08_01,log,factor,5000.0,4000.0,6000.0,trans,0.01,0.0,1
t08_02,log,factor,5000.0,4000.0,6000.0,trans,0.01,0.0,1
t08_03,log,factor,5000.0,4000.0,6000.0,trans,0.01,0.0,1
t08_04,log,factor,5000.0,4000.0,6000.0,trans,0.01,0.0,1
t08_05,log,factor,5000.0,4000.0,6000.0,trans,0.01,0.0,1
t08_06,log,factor,5000.0,4000.0,6000.0,trans,0.01,0.0,1
t08_07,log,factor,5000.0,4000.0,6000.0,trans,0.01,0.0,1
t08_08,log,factor,5000.0,4000.0,6000.0,trans,0.01,0.0,1
t08_09,log,factor,5000.0,4000.0,6000.0,trans,0.01,0.0,1
t08_10,log,factor,5000.0,4000.0,6000.0,trans,0.01,0.0,1
t08_11,log,factor,5000.0,4000.0,6000.0,trans,0.01,0.0,1
t08_12,log,factor,5000.0,4000.0,6000.0,trans,0.01,0.0,1
t08_13,log,factor,5000.0,4000.0,6000.0,trans,0.01,0.0,1
t08_14,log,factor,5000.0,4000.0,6000.0,trans,0.01,0.0,1
t08_15,log,factor,5000.0,4000.0,6000.0,trans,0.01,0.0,1
t08_16,log,factor,5000.0,4000.0,6000.0,trans,0.01,0.0,1
t08_17,log,factor,5000.0,4000.0,6000.0,trans,0.01,0.0,1
t08_18,log,factor,5000.0,4000.0,6000.0,trans,0.01,0.0,1
t08_19,log,factor,5000.0,4000.0,6000.0,trans,0.01,0.0,1
t08_20,log,factor,5000.0,4000.0,6000.0,trans,0.01,0.0,1
t08_21,log,factor,5000.0,4000.0,6000.0,trans,0.01,0.0,1
t08_22,log,factor,5000.0,4000.0,6000.0,trans,0.01,0.0,1
t08_23,log,factor,5000.0,4000.0,6000.0,trans,0.01,0.0,1
t08_24,log,factor,5000.0,4000.0,6000.0,trans,0.01,0.0,1
t08_25,log,factor,5000.0,4000.0,6000.0,trans,0.01,0.0,1
t08_26,log,factor,5000.0,4000.0,6000.0,trans,0.01,0.0,1
t08_27,log,factor,5000.0,4000.0,6000.0,trans,0.01,0.0,1
t08_28,log,factor,5000.0,4000.0,6000.0,trans,0.01,0.0,1
t08_29,log,factor,5000.0,4000.0,6000.0,trans,0.01,0.0,1
t09_00,log,factor,5000.0,4000.0,6000.0,trans,0.01,0.0,1
t09_01,log,factor,5000.0,4000.0,6000.0,trans,0.01,0.0,1
t09_02,log,factor,5000.0,4000.0,6000.0,trans,0.01,0.0,1
t09_03,log,factor,5000.0,4000.0,6000.0,trans,0.01,0.0,1
t09_04,log,factor,5000.0,4000.0,6000.0,trans,0.01,0.0,1
t09_05,log,factor,5000.0,4000.0,6000.0,trans,0.01,0.0,1
t09_06,log,factor,5000.0,4000.0,6000.0,trans,0.01,0.0,1
t09_07,log,factor,5000.0,4000.0,6000.0,trans,0.01,0.0,1
t09_08,log,factor,5000.0,4000.0,6000.0,trans,0.01,0.0,1
t09_09,log,factor,5000.0,4000.0,6000.0,trans,0.01,0.0,1
t09_10,log,factor,5000.0,4000.0,6000.0,trans,0.01,0.0,1
t09_11,log,factor,5000.0,4000.0,6000.0,trans,0.01,0.0,1
t09_12,log,factor,5000.0,4000.0,6000.0,trans,0.01,0.0,1
t09_13,log,factor,5000.0,4000.0,6000.0,trans,0.01,0.0,1
t09_14,log,factor,5000.0,4000.0,6000.0,trans,0.01,0.0,1
t09_15,log,factor,5000.0,4000.0,6000.0,trans,0.01,0.0,1
t09_16,log,factor,5000.0,4000.0,6000.0,trans,0.01,0.0,1
t09_17,log,factor,5000.0,4000.0,6000.0,trans,0.01,0.0,1
t09_18,log,factor,5000.0,4000.0,6000.0,trans,0.01,0.0,1
t09_19,log,factor,5000.0,4000.0,6000.0,trans,0.01,0.0,1
t09_20,log,factor,5000.0,4000.0,6000.0,trans,0.01,0.0,1
t09_21,log,factor,5000.0,4000.0,6000.0,trans,0.01,0.0,1
t09_22,log,factor,5000.0,4000.0,6000.0,trans,0.01,0.0,1
t09_23,log,factor,5000.0,4000.0,6000.0,trans,0.01,0.0,1
t09_24,log,factor,5000.0,4000.0,6000.0,trans,0.01,0.0,1
t09_25,log,factor,5000.0,4000.0,6000.0,trans,0.01,0.0,1
t09_26,log,factor,5000.0,4000.0,6000.0,trans,0.01,0.0,1
t09_27,log,factor,5000.0,4000.0,6000.0,trans,0.01,0.0,1
t09_28,log,factor,5000.0,4000.0,6000.0,trans,0.01,0.0,1
t09_29,log,factor,5000.0,4000.0,6000.0,trans,0.01,0.0,1
t10_00,log,factor,5000.0,4000.0,6000.0,trans,0.01,0.0,1
t10_01,log,factor,5000.0,4000.0,6000.0,trans,0.01,0.0,1
t10_02,log,factor,5000.0,4000.0,6000.0,trans,0.01,0.0,1
t10_03,log,factor,5000.0,4000.0,6000.0,trans,0.01,0.0,1
t10_04,log,factor,5000.0,4000.0,6000.0,trans,0.01,0.0,1
t10_05,log,factor,5000.0,4000.0,6000.0,trans,0.01,0.0,1
t10_06,log,factor,5000.0,4000.0,6000.0,trans,0.01,0.0,1
t10_07,log,factor,5000.0,4000.0,6000.0,trans,0.01,0.0,1
t10_08,log,factor,5000.0,4000.0,6000.0,trans,0.01,0.0,1
t10_09,log,factor,5000.0,4000.0,6000.0,trans,0.01,0.0,1
t10_10,log,factor,5000.0,4000.0,6000.0,trans,0.01,0.0,1
t10_11,log,factor,5000.0,4000.0,6000.0,trans,0.01,0.0,1
t10_12,log,factor,5000.0,4000.0,6000.0,trans,0.01,0.0,1
t10_13,log,factor,5000.0,4000.0,6000.0,trans,0.01,0.0,1
t10_14,log,factor,5000.0,4000.0,6000.0,trans,0.01,0.0,1
t10_15,log,factor,5000.0,4000.0,6000.0,trans,0.01,0.0,1
t10_16,log,factor,5000.0,4000.0,6000.0,trans,0.01,0.0,1
t10_17,log,factor,5000.0,4000.0,6000.0,trans,0.01,0.0,1
t10_18,log,factor,5000.0,4000.0,6000.0,trans,0.01,0.0,1
t10_19,log,factor,5000.0,4000.0,6000.0,trans,0.01,0.0,1
t10_20,log,factor,5000.0,4000.0,6000.0,trans,0.01,0.0,1
t10_21,log,factor,5000.0,4000.0,6000.0,trans,0.01,0.0,1
t10_22,log,factor,5000.0,4000.0,6000.0,trans,0.01,0.0,1
t10_23,log,factor,5000.0,4000.0,6000.0,trans,0.01,0.0,1
t10_24,log,factor,5000.0,4000.0,6000.0,trans,0.01,0.0,1
t10_25,log,factor,5000.0,4000.0,6000.0,trans,0.01,0.0,1
t10_26,log,factor,5000.0,4000.0,6000.0,trans,0.01,0.0,1
t10_27,log,factor,5000.0,4000.0,6000.0,trans,0.01,0.0,1
t10_28,log,factor,5000.0,4000.0,6000.0,trans,0.01,0.0,1
t10_29,log,factor,5000.0,4000.0,6000.0,trans,0.01,0.0,1
t11_00,log,factor,5000.0,4000.0,6000.0,trans,0.01,0.0,1
t11_01,log,factor,5000.0,4000.0,6000.0,trans,0.01,0.0,1
t11_02,log,factor,5000.0,4000.0,6000.0,trans,0.01,0.0,1
t11_03,log,factor,5000.0,4000.0,6000.0,trans,0.01,0.0,1
t11_04,log,factor,5000.0,4000.0,6000.0,trans,0.01,0.0,1
t11_05,log,factor,5000.0,4000.0,6000.0,trans,0.01,0.0,1
t11_06,log,factor,5000.0,4000.0,6000.0,trans,0.01,0.0,1
t11_07,log,factor,5000.0,4000.0,6000.0,trans,0.01,0.0,1
t11_08,log,factor,5000.0,4000.0,6000.0,trans,0.01,0.0,1
t11_09,log,factor,5000.0,4000.0,6000.0,trans,0.01,0.0,1
t11_10,log,factor,5000.0,4000.0,6000.0,trans,0.01,0.0,1
t11_11,log,factor,5000.0,4000.0,6000.0,trans,0.01,0.0,1
t11_12,log,factor,5000.0,4000.0,6000.0,trans,0.01,0.0,1
t11_13,log,factor,5000.0,4000.0,6000.0,trans,0.01,0.0,1
t11_14,log,factor,5000.0,4000.0,6000.0,trans,0.01,0.0,1
t11_15,log,factor,5000.0,4000.0,6000.0,trans,0.01,0.0,1
t11_16,log,factor,5000.0,4000.0,6000.0,trans,0.01,0.0,1
t11_17,log,factor,5000.0,4000.0,6000.0,trans,0.01,0.0,1
t11_18,log,factor,5000.0,4000.0,6000.0,trans,0.01,0.0,1
t11_19,log,factor,5000.0,4000.0,6000.0,trans,0.01,0.0,1
t11_20,log,factor,5000.0,4000.0,6000.0,trans,0.01,0.0,1
t11_21,log,factor,5000.0,4000.0,6000.0,trans,0.01,0.0,1
t11_22,log,factor,5000.0,4000.0,6000.0,trans,0.01,0.0,1
t11_23,log,factor,5000.0,4000.0,6000.0,trans,0.01,0.0,1
t11_24,log,factor,5000.0,4000.0,6000.0,trans,0.01,0.0,1
t11_25,log,factor,5000.0,4000.0,6000.0,trans,0.01,0.0,1
t11_26,log,factor,5000.0,4000.0,6000.0,trans,0.01,0.0,1
t11_27,log,factor,5000.0,4000.0,6000.0,trans,0.01,0.0,1
t11_28,log,factor,5000.0,4000.0,6000.0,trans,0.01,0.0,1
t11_29,log,factor,5000.0,4000.0,6000.0,trans,0.01,0.0,1
t12_00,log,factor,5000.0,4000.0,6000.0,trans,0.01,0.0,1
t12_01,log,factor,5000.0,4000.0,6000.0,trans,0.01,0.0,1
t12_02,log,factor,5000.0,4000.0,6000.0,trans,0.01,0.0,1
t12_03,log,factor,5000.0,4000.0,6000.0,trans,0.01,0.0,1
t12_04,log,factor,5000.0,4000.0,6000.0,trans,0.01,0.0,1
t12_05,log,factor,5000.0,4000.0,6000.0,trans,0.01,0.0,1
t12_06,log,factor,5000.0,4000.0,6000.0,trans,0.01,0.0,1
t12_07,log,factor,5000.0,4000.0,6000.0,trans,0.01,0.0,1
t12_08,log,factor,5000.0,4000.0,6000.0,trans,0.01,0.0,1
t12_09,log,factor,5000.0,4000.0,6000.0,trans,0.01,0.0,1
t12_10,log,factor,5000.0,4000.0,6000.0,trans,0.01,0.0,1
t12_11,log,factor,5000.0,4000.0,6000.0,trans,0.01,0.0,1
t12_12,log,factor,5000.0,4000.0,6000.0,trans,0.01,0.0,1
t12_13,log,factor,5000.0,4000.0,6000.0,trans,0.01,0.0,1
t12_14,log,factor,5000.0,4000.0,6000.0,trans,0.01,0.0,1
t12_15,log,factor,5000.0,4000.0,6000.0,trans,0.01,0.0,1
t12_16,log,factor,5000.0,4000.0,6000.0,trans,0.01,0.0,1
t12_17,log,factor,5000.0,4000.0,6000.0,trans,0.01,0.0,1
t12_18,log,factor,5000.0,4000.0,6000.0,trans,0.01,0.0,1
t12_19,log,factor,5000.0,4000.0,6000.0,trans,0.01,0.0,1
t12_20,log,factor,5000.0,4000.0,6000.0,trans,0.01,0.0,1
t12_21,log,factor,5000.0,4000.0,6000.0,trans,0.01,0.0,1
t12_22,log,factor,5000.0,4000.0,6000.0,trans,0.01,0.0,1
t12_23,log,factor,5000.0,4000.0,6000.0,trans,0.01,0.0,1
t12_24,log,factor,5000.0,4000.0,6000.0,trans,0.01,0.0,1
t12_25,log,factor,5000.0,4000.0,6000.0,trans,0.01,0.0,1
t12_26,log,factor,5000.0,4000.0,6000.0,trans,0.01,0.0,1
t12_27,log,factor,5000.0,4000.0,6000.0,trans,0.01,0.0,1
t12_28,log,factor,5000.0,4000.0,6000.0,trans,0.01,0.0,1
t12_29,log,factor,5000.0,4000.0,6000.0,trans,0.01,0.0,1
t13_00,log,factor,5000.0,4000.0,6000.0,trans,0.01,0.0,1
t13_01,log,factor,5000.0,4000.0,6000.0,trans,0.01,0.0,1
t13_02,log,factor,5000.0,4000.0,6000.0,trans,0.01,0.0,1
t13_03,log,factor,5000.0,4000.0,6000.0,trans,0.01,0.0,1
t13_04,log,factor,5000.0,4000.0,6000.0,trans,0.01,0.0,1
t13_05,log,factor,5000.0,4000.0,6000.0,trans,0.01,0.0,1
t13_06,log,factor,5000.0,4000.0,6000.0,trans,0.01,0.0,1
t13_07,log,factor,5000.0,4000.0,6000.0,trans,0.01,0.0,1
t13_08,log,factor,5000.0,4000.0,6000.0,trans,0.01,0.0,1
t13_09,log,factor,5000.0,4000.0,6000.0,trans,0.01,0.0,1
t13_10,log,factor,5000.0,4000.0,6000.0,trans,0.01,0.0,1
t13_11,log,factor,5000.0,4000.0,6000.0,trans,0.01,0.0,1
t13_12,log,factor,5000.0,4000.0,6000.0,trans,0.01,0.0,1
t13_13,log,factor,5000.0,4000.0,6000.0,trans,0.01,0.0,1
t13_14,log,factor,5000.0,4000.0,6000.0,trans,0.01,0.0,1
t13_15,log,factor,5000.0,4000.0,6000.0,trans,0.01,0.0,1
t13_16,log,factor,5000.0,4000.0,6000.0,trans,0.01,0.0,1
t13_17,log,factor,5000.0,4000.0,6000.0,trans,0.01,0.0,1
t13_18,log,factor,5000.0,4000.0,6000.0,trans,0.01,0.0,1
t13_19,log,factor,5000.0,4000.0,6000.0,trans,0.01,0.0,1
t13_20,log,factor,5000.0,4000.0,6000.0,trans,0.01,0.0,1
t13_21,log,factor,5000.0,4000.0,6000.0,trans,0.01,0.0,1
t13_22,log,factor,5000.0,4000.0,6000.0,trans,0.01,0.0,1
t13_23,log,factor,5000.0,4000.0,6000.0,trans,0.01,0.0,1
t13_24,log,factor,5000.0,4000.0,6000.0,trans,0.01,0.0,1
t13_25,log,factor,5000.0,4000.0,6000.0,trans,0.01,0.0,1
t13_26,log,factor,5000.0,4000.0,6000.0,trans,0.01,0.0,1
t13_27,log,factor,5000.0,4000.0,6000.0,trans,0.01,0.0,1
t13_28,log,factor,5000.0,4000.0,6000.0,trans,0.01,0.0,1
t13_29,log,factor,5000.0,4000.0,6000.0,trans,0.01,0.0,1
t14_00,log,factor,5000.0,4000.0,6000.0,trans,0.01,0.0,1
t14_01,log,factor,5000.0,4000.0,6000.0,trans,0.01,0.0,1
t14_02,log,factor,5000.0,4000.0,6000.0,trans,0.01,0.0,1
t14_03,log,factor,5000.0,4000.0,6000.0,trans,0.01,0.0,1
t14_04,log,factor,5000.0,4000.0,6000.0,trans,0.01,0.0,1
t14_05,log,factor,5000.0,4000.0,6000.0,trans,0.01,0.0,1
t14_06,log,factor,5000.0,4000.0,6000.0,trans,0.01,0.0,1
t14_07,log,factor,5000.0,4000.0,6000.0,trans,0.01,0.0,1
t14_08,log,factor,5000.0,4000.0,6000.0,trans,0.01,0.0,1
t14_09,log,factor,5000.0,4000.0,6000.0,trans,0.01,0.0,1
t14_10,log,factor,5000.0,4000.0,6000.0,trans,0.01,0.0,1
t14_11,log,factor,5000.0,4000.0,6000.0,trans,0.01,0.0,1
t14_12,log,factor,5000.0,4000.0,6000.0,trans,0.01,0.0,1
t14_13,log,factor,5000.0,4000.0,6000.0,trans,0.01,0.0,1
t14_14,log,factor,5000.0,4000.0,6000.0,trans,0.01,0.0,1
t14_15,log,factor,5000.0,4000.0,6000.0,trans,0.01,0.0,1
t14_16,log,factor,5000.0,4000.0,6000.0,trans,0.01,0.0,1
t14_17,log,factor,5000.0,4000.0,6000.0,trans,0.01,0.0,1
t14_18,log,factor,5000.0,4000.0,6000.0,trans,0.01,0.0,1
t14_19,log,factor,5000.0,4000.0,6000.0,trans,0.01,0.0,1
t14_20,log,factor,5000.0,4000.0,6000.0,trans,0.01,0.0,1
t14_21,log,factor,5000.0,4000.0,6000.0,trans,0.01,0.0,1
t14_22,log,factor,5000.0,4000.0,6000.0,trans,0.01,0.0,1
t14_23,log,factor,5000.0,4000.0,6000.0,trans,0.01,0.0,1
t14_24,log,factor,5000.0,4000.0,6000.0,trans,0.01,0.0,1
t14_25,log,factor,5000.0,4000.0,6000.0,trans,0.01,0.0,1
t14_26,log,factor,5000.0,4000.0,6000.0,trans,0.01,0.0,1
t14_27,log,factor,5000.0,4000.0,6000.0,trans,0.01,0.0,1
t14_28,log,factor,5000.0,4000.0,6000.0,trans,0.01,0.0,1
t14_29,log,factor,5000.0,4000.0,6000.0,trans,0.01,0.0,1
t15_00,log,factor,5000.0,4000.0,6000.0,trans,0.01,0.0,1
t15_01,log,factor,5000.0,4000.0,6000.0,trans,0.01,0.0,1
t15_02,log,factor,5000.0,4000.0,6000.0,trans,0.01,0.0,1
t15_03,log,factor,5000.0,4000.0,6000.0,trans,0.01,0.0,1
t15_04,log,factor,5000.0,4000.0,6000.0,trans,0.01,0.0,1
t15_05,log,factor,5000.0,4000.0,6000.0,trans,0.01,0.0,1
t15_06,log,factor,5000.0,4000.0,6000.0,trans,0.01,0.0,1
t15_07,log,factor,5000.0,4000.0,6000.0,trans,0.01,0.0,1
t15_08,log,factor,5000.0,4000.0,6000.0,trans,0.01,0.0,1
t15_09,log,factor,5000.0,4000.0,6000.0,trans,0.01,0.0,1
t15_10,log,factor,5000.0,4000.0,6000.0,trans,0.01,0.0,1
t15_11,log,factor,5000.0,4000.0,6000.0,trans,0.01,0.0,1
t15_12,log,factor,5000.0,4000.0,6000.0,trans,0.01,0.0,1
t15_13,log,factor,5000.0,4000.0,6000.0,trans,0.01,0.0,1
t15_14,log,factor,5000.0,4000.0,6000.0,trans,0.01,0.0,1
t15_15,log,factor,5000.0,4000.0,6000.0,trans,0.01,0.0,1
t15_16,log,factor,5000.0,4000.0,6000.0,trans,0.01,0.0,1
t15_17,log,factor,5000.0,4000.0,6000.0,trans,0.01,0.0,1
t15_18,log,factor,5000.0,4000.0,6000.0,trans,0.01,0.0,1
t15_19,log,factor,5000.0,4000.0,6000.0,trans,0.01,0.0,1
t15_20,log,factor,5000.0,4000.0,6000.0,trans,0.01,0.0,1
t15_21,log,factor,5000.0,4000.0,6000.0,trans,0.01,0.0,1
t15_22,log,factor,5000.0,4000.0,6000.0,trans,0.01,0.0,1
t15_23,log,factor,5000.0,4000.0,6000.0,trans,0.01,0.0,1
t15_24,log,factor,5000.0,4000.0,6000.0,trans,0.01,0.0,1
t15_25,log,factor,5000.0,4000.0,6000.0,trans,0.01,0.0,1
t15_26,log,factor,5000.0,4000.0,6000.0,trans,0.01,0.0,1
t15_27,log,factor,5000.0,4000.0,6000.0,trans,0.01,0.0,1
t15_28,log,factor,5000.0,4000.0,6000.0,trans,0.01,0.0,1
t15_29,log,factor,5000.0,4000.0,6000.0,trans,0.01,0.0,1
t16_00,log,factor,5000.0,4000.0,6000.0,trans,0.01,0.0,1
t16_01,log,factor,5000.0,4000.0,6000.0,trans,0.01,0.0,1
t16_02,log,factor,5000.0,4000.0,6000.0,trans,0.01,0.0,1
t16_03,log,factor,5000.0,4000.0,6000.0,trans,0.01,0.0,1
t16_04,log,factor,5000.0,4000.0,6000.0,trans,0.01,0.0,1
t16_05,log,factor,5000.0,4000.0,6000.0,trans,0.01,0.0,1
t16_06,log,factor,5000.0,4000.0,6000.0,trans,0.01,0.0,1
t16_07,log,factor,5000.0,4000.0,6000.0,trans,0.01,0.0,1
t16_08,log,factor,5000.0,4000.0,6000.0,trans,0.01,0.0,1
t16_09,log,factor,5000.0,4000.0,6000.0,trans,0.01,0.0,1
t16_10,log,factor,5000.0,4000.0,6000.0,trans,0.01,0.0,1
t16_11,log,factor,5000.0,4000.0,6000.0,trans,0.01,0.0,1
t16_12,log,factor,5000.0,4000.0,6000.0,trans,0.01,0.0,1
t16_13,log,factor,5000.0,4000.0,6000.0,trans,0.01,0.0,1
t16_14,log,factor,5000.0,4000.0,6000.0,trans,0.01,0.0,1
t16_15,log,factor,5000.0,4000.0,6000.0,trans,0.01,0.0,1
t16_16,log,factor,5000.0,4000.0,6000.0,trans,0.01,0.0,1
t16_17,log,factor,5000.0,4000.0,6000.0,trans,0.01,0.0,1
t16_18,log,factor,5000.0,4000.0,6000.0,trans,0.01,0.0,1
t16_19,log,factor,5000.0,4000.0,6000.0,trans,0.01,0.0,1
t16_20,log,factor,5000.0,4000.0,6000.0,trans,0.01,0.0,1
t16_21,log,factor,5000.0,4000.0,6000.0,trans,0.01,0.0,1
t16_22,log,factor,5000.0,4000.0,6000.0,trans,0.01,0.0,1
t16_23,log,factor,5000.0,4000.0,6000.0,trans,0.01,0.0,1
t16_24,log,factor,5000.0,4000.0,6000.0,trans,0.01,0.0,1
t16_25,log,factor,5000.0,4000.0,6000.0,trans,0.01,0.0,1
t16_26,log,factor,5000.0,4000.0,6000.0,trans,0.01,0.0,1
t16_27,log,factor,5000.0,4000.0,6000.0,trans,0.01,0.0,1
t16_28,log,factor,5000.0,4000.0,6000.0,trans,0.01,0.0,1
t16_29,log,factor,5000.0,4000.0,6000.0,trans,0.01,0.0,1
t17_00,log,factor,5000.0,4000.0,6000.0,trans,0.01,0.0,1
t17_01,log,factor,5000.0,4000.0,6000.0,trans,0.01,0.0,1
t17_02,log,factor,5000.0,4000.0,6000.0,trans,0.01,0.0,1
t17_03,log,factor,5000.0,4000.0,6000.0,trans,0.01,0.0,1
t17_04,log,factor,5000.0,4000.0,6000.0,trans,0.01,0.0,1
t17_05,log,factor,5000.0,4000.0,6000.0,trans,0.01,0.0,1
t17_06,log,factor,5000.0,4000.0,6000.0,trans,0.01,0.0,1
t17_07,log,factor,5000.0,4000.0,6000.0,trans,0.01,0.0,1
t17_08,log,factor,5000.0,4000.0,6000.0,trans,0.01,0.0,1
t17_09,log,factor,5000.0,4000.0,6000.0,trans,0.01,0.0,1
t17_10,log,factor,5000.0,4000.0,6000.0,trans,0.01,0.0,1
t17_11,log,factor,5000.0,4000.0,6000.0,trans,0.01,0.0,1
t17_12,log,factor,5000.0,4000.0,6000.0,trans,0.01,0.0,1
t17_13,log,factor,5000.0,4000.0,6000.0,trans,0.01,0.0,1
t17_14,log,factor,5000.0,4000.0,6000.0,trans,0.01,0.0,1
t17_15,log,factor,5000.0,4000.0,6000.0,trans,0.01,0.0,1
t17_16,log,factor,5000.0,4000.0,6000.0,trans,0.01,0.0,1
t17_17,log,factor,5000.0,4000.0,6000.0,trans,0.01,0.0,1
t17_18,log,factor,5000.0,4000.0,6000.0,trans,0.01,0.0,1
t17_19,log,factor,5000.0,4000.0,6000.0,trans,0.01,0.0,1
t17_20,log,factor,5000.0,4000.0,6000.0,trans,0.01,0.0,1
t17_21,log,factor,5000.0,4000.0,6000.0,trans,0.01,0.0,1
t17_22,log,factor,5000.0,4000.0,6000.0,trans,0.01,0.0,1
t17_23,log,factor,5000.0,4000.0,6000.0,trans,0.01,0.0,1
t17_24,log,factor,5000.0,4000.0,6000.0,trans,0.01,0.0,1
t17_25,log,factor,5000.0,4000.0,6000.0,trans,0.01,0.0,1
t17_26,log,factor,5000.0,4000.0,6000.0,trans,0.01,0.0,1
t17_27,log,factor,5000.0,4000.0,6000.0,trans,0.01,0.0,1
t17_28,log,factor,5000.0,4000.0,6000.0,trans,0.01,0.0,1
t17_29,log,factor,5000.0,4000.0,6000.0,trans,0.01,0.0,1
t18_00,log,factor,5000.0,4000.0,6000.0,trans,0.01,0.0,1
t18_01,log,factor,5000.0,4000.0,6000.0,trans,0.01,0.0,1
t18_02,log,factor,5000.0,4000.0,6000.0,trans,0.01,0.0,1
t18_03,log,factor,5000.0,4000.0,6000.0,trans,0.01,0.0,1
t18_04,log,factor,5000.0,4000.0,6000.0,trans,0.01,0.0,1
t18_05,log,factor,5000.0,4000.0,6000.0,trans,0.01,0.0,1
t18_06,log,factor,5000.0,4000.0,6000.0,trans,0.01,0.0,1
t18_07,log,factor,5000.0,4000.0,6000.0,trans,0.01,0.0,1
t18_08,log,factor,5000.0,4000.0,6000.0,trans,0.01,0.0,1
t18_09,log,factor,5000.0,4000.0,6000.0,trans,0.01,0.0,1
t18_10,log,factor,5000.0,4000.0,6000.0,trans,0.01,0.0,1
t18_11,log,factor,5000.0,4000.0,6000.0,trans,0.01,0.0,1
t18_12,log,factor,5000.0,4000.0,6000.0,trans,0.01,0.0,1
t18_13,log,factor,5000.0,4000.0,6000.0,trans,0.01,0.0,1
t18_14,log,factor,5000.0,4000.0,6000.0,trans,0.01,0.0,1
t18_15,log,factor,5000.0,4000.0,6000.0,trans,0.01,0.0,1
t18_16,log,factor,5000.0,4000.0,6000.0,trans,0.01,0.0,1
t18_17,log,factor,5000.0,4000.0,6000.0,trans,0.01,0.0,1
t18_18,log,factor,5000.0,4000.0,6000.0,trans,0.01,0.0,1
t18_19,log,factor,5000.0,4000.0,6000.0,trans,0.01,0.0,1
t18_20,log,factor,5000.0,4000.0,6000.0,trans,0.01,0.0,1
t18_21,log,factor,5000.0,4000.0,6000.0,trans,0.01,0.0,1
t18_22,log,factor,5000.0,4000.0,6000.0,trans,0.01,0.0,1
t18_23,log,factor,5000.0,4000.0,6000.0,trans,0.01,0.0,1
t18_24,log,factor,5000.0,4000.0,6000.0,trans,0.01,0.0,1
t18_25,log,factor,5000.0,4000.0,6000.0,trans,0.01,0.0,1
t18_26,log,factor,5000.0,4000.0,6000.0,trans,0.01,0.0,1
t18_27,log,factor,5000.0,4000.0,6000.0,trans,0.01,0.0,1
t18_28,log,factor,5000.0,4000.0,6000.0,trans,0.01,0.0,1
t18_29,log,factor,5000.0,4000.0,6000.0,trans,0.01,0.0,1
t19_00,log,factor,5000.0,4000.0,6000.0,trans,0.01,0.0,1
t19_01,log,factor,5000.0,4000.0,6000.0,trans,0.01,0.0,1
t19_02,log,factor,5000.0,4000.0,6000.0,trans,0.01,0.0,1
t19_03,log,factor,5000.0,4000.0,6000.0,trans,0.01,0.0,1
t19_04,log,factor,5000.0,4000.0,6000.0,trans,0.01,0.0,1
t19_05,log,factor,5000.0,4000.0,6000.0,trans,0.01,0.0,1
t19_06,log,factor,5000.0,4000.0,6000.0,trans,0.01,0.0,1
t19_07,log,factor,5000.0,4000.0,6000.0,trans,0.01,0.0,1
t19_08,log,factor,5000.0,4000.0,6000.0,trans,0.01,0.0,1
t19_09,log,factor,5000.0,4000.0,6000.0,trans,0.01,0.0,1
t19_10,log,factor,5000.0,4000.0,6000.0,trans,0.01,0.0,1
t19_11,log,factor,5000.0,4000.0,6000.0,trans,0.01,0.0,1
t19_12,log,factor,5000.0,4000.0,6000.0,trans,0.01,0.0,1
t19_13,log,factor,5000.0,4000.0,6000.0,trans,0.01,0.0,1
t19_14,log,factor,5000.0,4000.0,6000.0,trans,0.01,0.0,1
t19_15,log,factor,5000.0,4000.0,6000.0,trans,0.01,0.0,1
t19_16,log,factor,5000.0,4000.0,6000.0,trans,0.01,0.0,1
t19_17,log,factor,5000.0,4000.0,6000.0,trans,0.01,0.0,1
t19_18,log,factor,5000.0,4000.0,6000.0,trans,0.01,0.0,1
t19_19,log,factor,5000.0,4000.0,6000.0,trans,0.01,0.0,1
t19_20,log,factor,5000.0,4000.0,6000.0,trans,0.01,0.0,1
t19_21,log,factor,5000.0,4000.0,6000.0,trans,0.01,0.0,1
t19_22,log,factor,5000.0,4000.0,6000.0,trans,0.01,0.0,1
t19_23,log,factor,5000.0,4000.0,6000.0,trans,0.01,0.0,1
t19_24,log,factor,5000.0,4000.0,6000.0,trans,0.01,0.0,1
t19_25,log,factor,5000.0,4000.0,6000.0,trans,0.01,0.0,1
t19_26,log,factor,5000.0,4000.0,6000.0,trans,0.01,0.0,1
t19_27,log,factor,5000.0,4000.0,6000.0,trans,0.01,0.0,1
t19_28,log,factor,5000.0,4000.0,6000.0,trans,0.01,0.0,1
t19_29,log,factor,5000.0,4000.0,6000.0,trans,0.01,0.0,1
t20_00,log,factor,5000.0,4000.0,6000.0,trans,0.01,0.0,1
t20_01,log,factor,5000.0,4000.0,6000.0,trans,0.01,0.0,1
t20_02,log,factor,5000.0,4000.0,6000.0,trans,0.01,0.0,1
t20_03,log,factor,5000.0,4000.0,6000.0,trans,0.01,0.0,1
t20_04,log,factor,5000.0,4000.0,6000.0,trans,0.01,0.0,1
t20_05,log,factor,5000.0,4000.0,6000.0,trans,0.01,0.0,1
t20_06,log,factor,5000.0,4000.0,6000.0,trans,0.01,0.0,1
t20_07,log,factor,5000.0,4000.0,6000.0,trans,0.01,0.0,1
t20_08,log,factor,5000.0,4000.0,6000.0,trans,0.01,0.0,1
t20_09,log,factor,5000.0,4000.0,6000.0,trans,0.01,0.0,1
t20_10,log,factor,5000.0,4000.0,6000.0,trans,0.01,0.0,1
t20_11,log,factor,5000.0,4000.0,6000.0,trans,0.01,0.0,1
t20_12,log,factor,5000.0,4000.0,6000.0,trans,0.01,0.0,1
t20_13,log,factor,5000.0,4000.0,6000.0,trans,0.01,0.0,1
t20_14,log,factor,5000.0,4000.0,6000.0,trans,0.01,0.0,1
t20_15,log,factor,5000.0,4000.0,6000.0,trans,0.01,0.0,1
t20_16,log,factor,5000.0,4000.0,6000.0,trans,0.01,0.0,1
t20_17,log,factor,5000.0,4000.0,6000.0,trans,0.01,0.0,1
t20_18,log,factor,5000.0,4000.0,6000.0,trans,0.01,0.0,1
t20_19,log,factor,5000.0,4000.0,6000.0,trans,0.01,0.0,1
t20_20,log,factor,5000.0,4000.0,6000.0,trans,0.01,0.0,1
t20_21,log,factor,5000.0,4000.0,6000.0,trans,0.01,0.0,1
t20_22,log,factor,5000.0,4000.0,6000.0,trans,0.01,0.0,1
t20_23,log,factor,5000.0,4000.0,6000.0,trans,0.01,0.0,1
t20_24,log,factor,5000.0,4000.0,6000.0,trans,0.01,0.0,1
t20_25,log,factor,5000.0,4000.0,6000.0,trans,0.01,0.0,1
t20_26,log,factor,5000.0,4000.0,6000.0,trans,0.01,0.0,1
t20_27,log,factor,5000.0,4000.0,6000.0,trans,0.01,0.0,1
t20_28,log,factor,5000.0,4000.0,6000.0,trans,0.01,0.0,1
t20_29,log,factor,5000.0,4000.0,6000.0,trans,0.01,0.0,1
t21_00,log,factor,5000.0,4000.0,6000.0,trans,0.01,0.0,1
t21_01,log,factor,5000.0,4000.0,6000.0,trans,0.01,0.0,1
t21_02,log,factor,5000.0,4000.0,6000.0,trans,0.01,0.0,1
t21_03,log,factor,5000.0,4000.0,6000.0,trans,0.01,0.0,1
t21_04,log,factor,5000.0,4000.0,6000.0,trans,0.01,0.0,1
t21_05,log,factor,5000.0,4000.0,6000.0,trans,0.01,0.0,1
t21_06,log,factor,5000.0,4000.0,6000.0,trans,0.01,0.0,1
t21_07,log,factor,5000.0,4000.0,6000.0,trans,0.01,0.0,1
t21_08,log,factor,5000.0,4000.0,6000.0,trans,0.01,0.0,1
t21_09,log,factor,5000.0,4000.0,6000.0,trans,0.01,0.0,1
t21_10,log,factor,5000.0,4000.0,6000.0,trans,0.01,0.0,1
t21_11,log,factor,5000.0,4000.0,6000.0,trans,0.01,0.0,1
t21_12,log,factor,5000.0,4000.0,6000.0,trans,0.01,0.0,1
t21_13,log,factor,5000.0,4000.0,6000.0,trans,0.01,0.0,1
t21_14,log,factor,5000.0,4000.0,6000.0,trans,0.01,0.0,1
t21_15,log,factor,5000.0,4000.0,6000.0,trans,0.01,0.0,1
t21_16,log,factor,5000.0,4000.0,6000.0,trans,0.01,0.0,1
t21_17,log,factor,5000.0,4000.0,6000.0,trans,0.01,0.0,1
t21_18,log,factor,5000.0,4000.0,6000.0,trans,0.01,0.0,1
t21_19,log,factor,5000.0,4000.0,6000.0,trans,0.01,0.0,1
t21_20,log,factor,5000.0,4000.0,6000.0,trans,0.01,0.0,1
t21_21,log,factor,5000.0,4000.0,6000.0,trans,0.01,0.0,1
t21_22,log,factor,5000.0,4000.0,6000.0,trans,0.01,0.0,1
t21_23,log,factor,5000.0,4000.0,6000.0,trans,0.01,0.0,1
t21_24,log,factor,5000.0,4000.0,6000.0,trans,0.01,0.0,1
t21_25,log,factor,5000.0,4000.0,6000.0,trans,0.01,0.0,1
t21_26,log,factor,5000.0,4000.0,6000.0,trans,0.01,0.0,1
t21_27,log,factor,5000.0,4000.0,6000.0,trans,0.01,0.0,1
t21_28,log,factor,5000.0,4000.0,6000.0,trans,0.01,0.0,1
t21_29,log,factor,5000.0,4000.0,6000.0,trans,0.01,0.0,1
t22_00,log,factor,5000.0,4000.0,6000.0,trans,0.01,0.0,1
t22_01,log,factor,5000.0,4000.0,6000.0,trans,0.01,0.0,1
t22_02,log,factor,5000.0,4000.0,6000.0,trans,0.01,0.0,1
t22_03,log,factor,5000.0,4000.0,6000.0,trans,0.01,0.0,1
t22_04,log,factor,5000.0,4000.0,6000.0,trans,0.01,0.0,1
t22_05,log,factor,5000.0,4000.0,6000.0,trans,0.01,0.0,1
t22_06,log,factor,5000.0,4000.0,6000.0,trans,0.01,0.0,1
t22_07,log,factor,5000.0,4000.0,6000.0,trans,0.01,0.0,1
t22_08,log,factor,5000.0,4000.0,6000.0,trans,0.01,0.0,1
t22_09,log,factor,5000.0,4000.0,6000.0,trans,0.01,0.0,1
t22_10,log,factor,5000.0,4000.0,6000.0,trans,0.01,0.0,1
t22_11,log,factor,5000.0,4000.0,6000.0,trans,0.01,0.0,1
t22_12,log,factor,5000.0,4000.0,6000.0,trans,0.01,0.0,1
t22_13,log,factor,5000.0,4000.0,6000.0,trans,0.01,0.0,1
t22_14,log,factor,5000.0,4000.0,6000.0,trans,0.01,0.0,1
t22_15,log,factor,5000.0,4000.0,6000.0,trans,0.01,0.0,1
t22_16,log,factor,5000.0,4000.0,6000.0,trans,0.01,0.0,1
t22_17,log,factor,5000.0,4000.0,6000.0,trans,0.01,0.0,1
t22_18,log,factor,5000.0,4000.0,6000.0,trans,0.01,0.0,1
t22_19,log,factor,5000.0,4000.0,6000.0,trans,0.01,0.0,1
t22_20,log,factor,5000.0,4000.0,6000.0,trans,0.01,0.0,1
t22_21,log,factor,5000.0,4000.0,6000.0,trans,0.01,0.0,1
t22_22,log,factor,5000.0,4000.0,6000.0,trans,0.01,0.0,1
t22_23,log,factor,5000.0,4000.0,6000.0,trans,0.01,0.0,1
t22_24,log,factor,5000.0,4000.0,6000.0,trans,0.01,0.0,1
t22_25,log,factor,5000.0,4000.0,6000.0,trans,0.01,0.0,1
t22_26,log,factor,5000.0,4000.0,6000.0,trans,0.01,0.0,1
t22_27,log,factor,5000.0,4000.0,6000.0,trans,0.01,0.0,1
t22_28,log,factor,5000.0,4000.0,6000.0,trans,0.01,0.0,1
t22_29,log,factor,5000.0,4000.0,6000.0,trans,0.01,0.0,1
t23_00,log,factor,5000.0,4000.0,6000.0,trans,0.01,0.0,1
t23_01,log,factor,5000.0,4000.0,6000.0,trans,0.01,0.0,1
t23_02,log,factor,5000.0,4000.0,6000.0,trans,0.01,0.0,1
t23_03,log,factor,5000.0,4000.0,6000.0,trans,0.01,0.0,1
t23_04,log,factor,5000.0,4000.0,6000.0,trans,0.01,0.0,1
t23_05,log,factor,5000.0,4000.0,6000.0,trans,0.01,0.0,1
t23_06,log,factor,5000.0,4000.0,6000.0,trans,0.01,0.0,1
t23_07,log,factor,5000.0,4000.0,6000.0,trans,0.01,0.0,1
t23_08,log,factor,5000.0,4000.0,6000.0,trans,0.01,0.0,1
t23_09,log,factor,5000.0,4000.0,6000.0,trans,0.01,0.0,1
t23_10,log,factor,5000.0,4000.0,6000.0,trans,0.01,0.0,1
t23_11,log,factor,5000.0,4000.0,6000.0,trans,0.01,0.0,1
t23_12,log,factor,5000.0,4000.0,6000.0,trans,0.01,0.0,1
t23_13,log,factor,5000.0,4000.0,6000.0,trans,0.01,0.0,1
t23_14,log,factor,5000.0,4000.0,6000.0,trans,0.01,0.0,1
t23_15,log,factor,5000.0,4000.0,6000.0,trans,0.01,0.0,1
t23_16,log,factor,5000.0,4000.0,6000.0,trans,0.01,0.0,1
t23_17,log,factor,5000.0,4000.0,6000.0,trans,0.01,0.0,1
t23_18,log,factor,5000.0,4000.0,6000.0,trans,0.01,0.0,1
t23_19,log,factor,5000.0,4000.0,6000.0,trans,0.01,0.0,1
t23_20,log,factor,5000.0,4000.0,6000.0,trans,0.01,0.0,1
t23_21,log,factor,5000.0,4000.0,6000.0,trans,0.01,0.0,1
t23_22,log,factor,5000.0,4000.0,6000.0,trans,0.01,0.0,1
t23_23,log,factor,5000.0,4000.0,6000.0,trans,0.01,0.0,1
t23_24,log,factor,5000.0,4000.0,6000.0,trans,0.01,0.0,1
t23_25,log,factor,5000.0,4000.0,6000.0,trans,0.01,0.0,1
t23_26,log,factor,5000.0,4000.0,6000.0,trans,0.01,0.0,1
t23_27,log,factor,5000.0,4000.0,6000.0,trans,0.01,0.0,1
t23_28,log,factor,5000.0,4000.0,6000.0,trans,0.01,0.0,1
t23_29,log,factor,5000.0,4000.0,6000.0,trans,0.01,0.0,1
t24_00,log,factor,5000.0,4000.0,6000.0,trans,0.01,0.0,1
t24_01,log,factor,5000.0,4000.0,6000.0,trans,0.01,0.0,1
t24_02,log,factor,5000.0,4000.0,6000.0,trans,0.01,0.0,1
t24_03,log,factor,5000.0,4000.0,6000.0,trans,0.01,0.0,1
t24_04,log,factor,5000.0,4000.0,6000.0,trans,0.01,0.0,1
t24_05,log,factor,5000.0,4000.0,6000.0,trans,0.01,0.0,1
t24_06,log,factor,5000.0,4000.0,6000.0,trans,0.01,0.0,1
t24_07,log,factor,5000.0,4000.0,6000.0,trans,0.01,0.0,1
t24_08,log,factor,5000.0,4000.0,6000.0,trans,0.01,0.0,1
t24_09,log,factor,5000.0,4000.0,6000.0,trans,0.01,0.0,1
t24_10,log,factor,5000.0,4000.0,6000.0,trans,0.01,0.0,1
t24_11,log,factor,5000.0,4000.0,6000.0,trans,0.01,0.0,1
t24_12,log,factor,5000.0,4000.0,6000.0,trans,0.01,0.0,1
t24_13,log,factor,5000.0,4000.0,6000.0,trans,0.01,0.0,1
t24_14,log,factor,5000.0,4000.0,6000.0,trans,0.01,0.0,1
t24_15,log,factor,5000.0,4000.0,6000.0,trans,0.01,0.0,1
t24_16,log,factor,5000.0,4000.0,6000.0,trans,0.01,0.0,1
t24_17,log,factor,5000.0,4000.0,6000.0,trans,0.01,0.0,1
t24_18,log,factor,5000.0,4000.0,6000.0,trans,0.01,0.0,1
t24_19,log,factor,5000.0,4000.0,6000.0,trans,0.01,0.0,1
t24_20,log,factor,5000.0,4000.0,6000.0,trans,0.01,0.0,1
t24_21,log,factor,5000.0,4000.0,6000.0,trans,0.01,0.0,1
t24_22,log,factor,5000.0,4000.0,6000.0,trans,0.01,0.0,1
t24_23,log,factor,5000.0,4000.0,6000.0,trans,0.01,0.0,1
t24_24,log,factor,5000.0,4000.0,6000.0,trans,0.01,0.0,1
t24_25,log,factor,5000.0,4000.0,6000.0,trans,0.01,0.0,1
t24_26,log,factor,5000.0,4000.0,6000.0,trans,0.01,0.0,1
t24_27,log,factor,5000.0,4000.0,6000.0,trans,0.01,0.0,1
t24_28,log,factor,5000.0,4000.0,6000.0,trans,0.01,0.0,1
t24_29,log,factor,5000.0,4000.0,6000.0,trans,0.01,0.0,1
