time,S1R01,S1R02,S1R03,S1R04,S1R05,S1R06,S1R07,S1R08,S1R09,S1R10,S1R11,S1R12,S1R13,S1R14,S1R15,S1R16,S1R17,S1R18,S1R19,S1R20,S1R21,S1R22,S2R01,S2R02,S2R03,S2R04,S2R05,S2R06,S2R07,S2R08,S2R09,S3R01,S3R02,S3R03,S3R04,S3R05,S3R06,S3R07,S3R08,S3R09
46.00000000000,-134865.80,-180897.62,-222602.34,-263234.60,-304282.67,-340257.88,-376077.87,-412167.89,-448400.84,-484707.60,-521765.78,-565479.95,-609200.59,-653978.64,-700914.69,-753277.24,-794712.41,-834365.23,-878941.30,-913899.86,-941419.51,-950304.38,-82313.288,-117173.56,-156470.44,-210933.30,-252314.63,-285421.46,-311485.76,-331441.22,-345197.78,-1304327.5,-1331357.9,-1354984.7,-1379073.7,-1407740.1,-1444908.1,-1489296.3,-1543862.8,0.0000000
92.00000000000,-127981.53,-165905.74,-199271.66,-231834.36,-265818.62,-295584.84,-325226.29,-355097.19,-385090.67,-415154.42,-445879.24,-482271.46,-517548.49,-553488.19,-591673.11,-635893.05,-670534.85,-703587.79,-740897.01,-768710.23,-790166.78,-796774.20,-76423.044,-105460.04,-138888.98,-186588.58,-220372.78,-245954.24,-265198.57,-279596.21,-290565.61,-1093892.7,-1115342.1,-1134043.5,-1152928.5,-1175106.4,-1204779.5,-1241767.4,-1289954.5,0.0000000
137.0000000000,-128004.23,-165924.96,-199337.19,-231977.98,-266075.50,-295929.08,-325648.70,-355593.27,-385658.89,-415795.88,-446598.26,-483082.37,-518417.72,-554395.34,-592608.91,-636844.59,-671533.02,-704647.96,-742036.17,-769954.38,-791508.67,-798172.03,-76565.902,-105744.44,-139315.24,-187169.11,-221099.00,-246818.25,-266194.94,-280712.32,-291730.78,-1096506.6,-1118068.0,-1136882.6,-1155885.3,-1178188.9,-1208003.7,-1245144.4,-1293494.2,0.0000000
183.0000000000,-127998.84,-165911.40,-199319.97,-231960.54,-266062.15,-295917.37,-325637.73,-355582.67,-385648.66,-415786.33,-446590.16,-483077.71,-518413.10,-554389.01,-592599.93,-636832.24,-671520.25,-704636.15,-742026.47,-769948.43,-791507.05,-798172.37,-76571.869,-105756.32,-139333.10,-187194.02,-221129.95,-246854.30,-266235.02,-280755.32,-291774.98,-1096552.8,-1118119.2,-1136938.3,-1155945.3,-1178253.7,-1208075.1,-1245223.1,-1293580.7,0.0000000
228.0000000000,-127161.96,-164077.75,-196508.03,-228206.97,-261457.12,-290572.65,-319560.86,-348771.77,-378104.12,-407510.22,-437572.53,-473195.98,-507578.33,-542570.94,-579806.85,-623099.11,-657028.18,-689418.52,-726016.09,-753194.87,-774113.94,-780557.90,-75989.175,-104592.59,-137569.43,-184697.63,-217872.30,-242862.29,-261585.07,-275568.95,-286292.30,-1073228.9,-1094199.5,-1112524.6,-1131040.0,-1152775.7,-1181905.4,-1218345.4,-1266038.9,0.0000000
274.0000000000,-127068.42,-163868.20,-196195.46,-227801.38,-260973.05,-290018.87,-318937.07,-348077.34,-377339.15,-406675.37,-436667.66,-472210.29,-506499.01,-541392.17,-578527.42,-621718.59,-655572.29,-687893.98,-724418.93,-751536.51,-772404.31,-778834.38,-75953.608,-104520.88,-137458.51,-184533.47,-217654.17,-242592.47,-261269.75,-275217.22,-285916.47,-1071114.0,-1092039.7,-1110331.8,-1128817.1,-1150519.7,-1179606.6,-1216001.9,-1263652.7,0.0000000
319.0000000000,-127474.50,-164757.04,-197560.50,-229626.25,-263215.29,-292623.11,-321899.34,-351398.47,-381018.97,-410713.04,-441068.33,-477034.52,-511789.18,-547162.40,-584773.17,-628422.05,-662646.54,-695323.43,-732236.99,-759720.15,-780903.02,-787442.64,-76242.408,-105097.54,-138332.10,-185768.93,-219265.65,-244566.59,-263568.73,-277781.03,-288626.07,-1082543.8,-1103763.6,-1122300.1,-1141028.9,-1163015.6,-1192445.2,-1229191.4,-1277171.3,0.0000000
365.0000000000,-127519.60,-164858.04,-197711.31,-229822.20,-263449.47,-292891.18,-322201.42,-351734.85,-381389.63,-411117.66,-441507.04,-477512.67,-512312.87,-547734.39,-585394.00,-629091.88,-663353.00,-696063.32,-733012.28,-760525.40,-781733.42,-788279.90,-76259.953,-105132.90,-138386.77,-185849.75,-219372.97,-244699.27,-263723.70,-277953.83,-288810.64,-1083573.3,-1104815.2,-1123367.9,-1142111.5,-1164114.6,-1193565.4,-1230333.7,-1278334.7,0.0000000
411.0000000000,-127315.86,-164412.03,-197026.44,-228906.74,-262324.79,-291585.01,-320715.74,-350069.25,-379544.17,-409092.79,-439300.18,-475093.48,-509660.06,-544840.85,-582261.98,-625730.27,-659805.46,-692337.70,-729091.87,-756421.78,-777471.94,-783963.55,-76115.340,-104844.14,-137949.30,-185231.02,-218565.88,-243710.53,-262572.25,-276669.73,-287453.50,-1077843.7,-1098938.3,-1117368.6,-1135990.3,-1157851.1,-1187130.3,-1223722.8,-1271559.1,0.0000000
457.0000000000,-127293.71,-164362.42,-196952.37,-228810.51,-262209.81,-291453.39,-320567.43,-349904.09,-379362.20,-408894.15,-439084.81,-474858.77,-509402.99,-544560.08,-581957.23,-625401.47,-659458.68,-691974.52,-728711.31,-756026.54,-777064.36,-783552.62,-76106.741,-104826.81,-137922.50,-185191.40,-218513.27,-243645.48,-262496.27,-276585.00,-287363.00,-1077338.5,-1098422.3,-1116844.6,-1135459.1,-1157311.9,-1186580.6,-1223162.4,-1270988.3,0.0000000
502.0000000000,-127917.94,-165729.83,-199050.03,-231611.62,-265647.62,-295444.08,-325105.24,-354990.40,-384996.71,-415075.39,-445820.34,-482240.48,-517496.91,-553388.54,-591513.87,-635659.94,-670284.22,-703342.42,-740671.98,-768543.33,-790059.92,-796714.03,-76543.356,-105698.76,-139243.90,-187061.51,-220953.43,-246635.49,-265978.87,-280469.20,-291468.88,-1094775.6,-1116305.6,-1135098.0,-1154080.7,-1176362.8,-1206149.8,-1243262.1,-1291585.7,0.0000000
548.0000000000,-127987.62,-165885.93,-199282.93,-231913.92,-266008.54,-295857.05,-325570.46,-355508.33,-385567.30,-415698.14,-446495.39,-482975.91,-518302.25,-554268.10,-592468.55,-636690.03,-671370.57,-704480.04,-741863.85,-769780.97,-791335.93,-798000.47,-76569.981,-105752.45,-139326.93,-187184.36,-221116.66,-246837.37,-266214.76,-280732.30,-291749.95,-1096354.8,-1117918.4,-1136735.5,-1155740.8,-1178047.6,-1207866.8,-1245012.5,-1293368.1,0.0000000
593.0000000000,-127160.45,-164074.33,-196503.08,-228200.80,-261450.09,-290564.78,-319552.11,-348762.13,-378093.60,-407498.85,-437560.36,-473182.99,-507564.23,-542555.60,-579790.19,-623081.08,-657009.23,-689398.79,-725995.59,-753173.82,-774092.51,-780536.40,-75988.989,-104592.21,-137568.80,-184696.63,-217870.90,-242860.48,-261582.89,-275566.45,-286289.57,-1073204.6,-1094174.9,-1112499.8,-1131015.1,-1152750.6,-1181880.1,-1218319.9,-1266013.2,0.0000000
639.0000000000,-127068.23,-163867.75,-196194.81,-227800.57,-260972.14,-290017.85,-318935.94,-348076.10,-377337.80,-406673.91,-436666.10,-472208.63,-506497.21,-541390.22,-578525.30,-621716.31,-655569.89,-687891.48,-724416.34,-751533.86,-772401.61,-778831.68,-75953.588,-104520.84,-137458.44,-184533.36,-217654.02,-242592.26,-261269.50,-275216.93,-285916.15,-1071110.9,-1092036.6,-1110328.7,-1128814.0,-1150516.6,-1179603.4,-1215998.7,-1263649.6,0.0000000
684.0000000000,-127474.47,-164756.98,-197560.41,-229626.15,-263215.17,-292622.97,-321899.19,-351398.30,-381018.79,-410712.84,-441068.12,-477034.30,-511788.95,-547162.15,-584772.89,-628421.75,-662646.22,-695323.10,-732236.65,-759719.81,-780902.67,-787442.29,-76242.406,-105097.53,-138332.09,-185768.92,-219265.63,-244566.56,-263568.69,-277780.99,-288626.04,-1082543.4,-1103763.2,-1122299.7,-1141028.5,-1163015.2,-1192444.8,-1229191.0,-1277170.9,0.0000000
730.0000000000,-127519.60,-164858.03,-197711.30,-229822.18,-263449.46,-292891.16,-322201.40,-351734.83,-381389.60,-411117.63,-441507.01,-477512.64,-512312.84,-547734.36,-585393.96,-629091.84,-663352.96,-696063.27,-733012.24,-760525.35,-781733.37,-788279.86,-76259.952,-105132.90,-138386.77,-185849.75,-219372.97,-244699.26,-263723.70,-277953.83,-288810.64,-1083573.2,-1104815.2,-1123367.8,-1142111.5,-1164114.6,-1193565.4,-1230333.6,-1278334.6,0.0000000
776.0000000000,-127315.86,-164412.03,-197026.44,-228906.73,-262324.79,-291585.01,-320715.74,-350069.24,-379544.17,-409092.79,-439300.17,-475093.48,-509660.05,-544840.85,-582261.97,-625730.27,-659805.46,-692337.70,-729091.86,-756421.78,-777471.94,-783963.55,-76115.340,-104844.14,-137949.30,-185231.02,-218565.88,-243710.53,-262572.25,-276669.73,-287453.50,-1077843.7,-1098938.3,-1117368.6,-1135990.3,-1157851.1,-1187130.3,-1223722.8,-1271559.0,0.0000000
822.0000000000,-127293.71,-164362.42,-196952.37,-228810.51,-262209.81,-291453.39,-320567.43,-349904.09,-379362.20,-408894.15,-439084.81,-474858.76,-509402.99,-544560.08,-581957.23,-625401.47,-659458.68,-691974.52,-728711.31,-756026.54,-777064.36,-783552.61,-76106.741,-104826.81,-137922.50,-185191.40,-218513.27,-243645.48,-262496.26,-276585.00,-287363.00,-1077338.5,-1098422.3,-1116844.6,-1135459.1,-1157311.9,-1186580.6,-1223162.4,-1270988.3,0.0000000
867.0000000000,-127917.94,-165729.83,-199050.03,-231611.62,-265647.62,-295444.08,-325105.24,-354990.40,-384996.71,-415075.39,-445820.34,-482240.48,-517496.91,-553388.54,-591513.87,-635659.94,-670284.22,-703342.42,-740671.98,-768543.33,-790059.92,-796714.03,-76543.356,-105698.76,-139243.90,-187061.51,-220953.43,-246635.49,-265978.87,-280469.20,-291468.88,-1094775.6,-1116305.6,-1135098.0,-1154080.7,-1176362.8,-1206149.8,-1243262.1,-1291585.7,0.0000000
913.0000000000,-127987.62,-165885.93,-199282.93,-231913.92,-266008.54,-295857.05,-325570.46,-355508.33,-385567.30,-415698.14,-446495.39,-482975.91,-518302.25,-554268.10,-592468.55,-636690.03,-671370.57,-704480.04,-741863.85,-769780.97,-791335.93,-798000.47,-76569.981,-105752.45,-139326.93,-187184.36,-221116.66,-246837.37,-266214.76,-280732.30,-291749.95,-1096354.8,-1117918.4,-1136735.5,-1155740.8,-1178047.6,-1207866.8,-1245012.5,-1293368.1,0.0000000
958.0000000000,-127160.45,-164074.33,-196503.08,-228200.80,-261450.09,-290564.78,-319552.11,-348762.13,-378093.60,-407498.85,-437560.36,-473182.99,-507564.23,-542555.60,-579790.19,-623081.08,-657009.23,-689398.79,-725995.59,-753173.82,-774092.51,-780536.40,-75988.989,-104592.21,-137568.80,-184696.63,-217870.90,-242860.48,-261582.89,-275566.45,-286289.57,-1073204.6,-1094174.9,-1112499.8,-1131015.1,-1152750.6,-1181880.1,-1218319.9,-1266013.2,0.0000000
1004.000000000,-127068.23,-163867.75,-196194.81,-227800.57,-260972.14,-290017.85,-318935.94,-348076.10,-377337.80,-406673.91,-436666.10,-472208.63,-506497.21,-541390.22,-578525.30,-621716.31,-655569.89,-687891.48,-724416.34,-751533.86,-772401.61,-778831.68,-75953.588,-104520.84,-137458.44,-184533.36,-217654.02,-242592.26,-261269.50,-275216.93,-285916.15,-1071110.9,-1092036.6,-1110328.7,-1128814.0,-1150516.6,-1179603.4,-1215998.7,-1263649.6,0.0000000
1049.000000000,-127474.47,-164756.98,-197560.41,-229626.15,-263215.17,-292622.97,-321899.19,-351398.30,-381018.79,-410712.84,-441068.12,-477034.30,-511788.95,-547162.15,-584772.89,-628421.75,-662646.22,-695323.10,-732236.65,-759719.81,-780902.67,-787442.29,-76242.406,-105097.53,-138332.09,-185768.92,-219265.63,-244566.56,-263568.69,-277780.99,-288626.04,-1082543.4,-1103763.2,-1122299.7,-1141028.5,-1163015.2,-1192444.8,-1229191.0,-1277170.9,0.0000000
1095.000000000,-127519.60,-164858.03,-197711.30,-229822.18,-263449.46,-292891.16,-322201.40,-351734.83,-381389.60,-411117.63,-441507.01,-477512.64,-512312.84,-547734.36,-585393.96,-629091.84,-663352.96,-696063.27,-733012.24,-760525.35,-781733.37,-788279.86,-76259.952,-105132.90,-138386.77,-185849.75,-219372.97,-244699.26,-263723.70,-277953.83,-288810.64,-1083573.2,-1104815.2,-1123367.8,-1142111.5,-1164114.6,-1193565.4,-1230333.6,-1278334.6,0.0000000
